{
"players": [ 
{
		"id": "1",
		"name": "Dhawan",
		"category": "Batsman",
		"country": "India",
		"auctionprice" : "3000000",
		"image": "https://www.cricbuzz.com/a/img/v1/152x152/i1/c170660/shikhar-dhawan.jpg"
	},
	{
		"id": "2",
		"name": "Dhoni",
		"category": "Keeper Batsman",
		"country": "India",
		"auctionprice" : "9000000",
		"image": "https://www.cricbuzz.com/a/img/v1/152x152/i1/c170677/ms-dhoni.jpg"
	},
	{
		"id": "3",
		"name": "Virat",
		"category": "Batsman",
		"country": "India",
		"auctionprice" : "7000000",
		"image": "https://www.cricbuzz.com/a/img/v1/152x152/i1/c170661/virat-kohli.jpg"
	},
	{
		"id": "4",
		"name": "Shami",
		"category": "Bowler",
		"country": "India",
		"auctionprice" : "4000000",
		"image": "https://www.cricbuzz.com/a/img/v1/152x152/i1/c170684/mohammed-shami.jpg"
	},
	{
		"id": "5",
		"name": "Chahal",
		"category": "Bowler",
		"country": "India",
		"auctionprice" : "5000000",
		"image": "https://www.cricbuzz.com/a/img/v1/152x152/i1/c170690/yuzvendra-chahal.jpg"
	}
]
}